<?xml version="1.0" encoding="UTF-8"?>
<ubl:Invoice xmlns:ubl="urn:oasis:names:specification:ubl:schema:xsd:Invoice-2"
             xmlns:cac="urn:oasis:names:specification:ubl:schema:xsd:CommonAggregateComponents-2"
             xmlns:cbc="urn:oasis:names:specification:ubl:schema:xsd:CommonBasicComponents-2"
             xmlns:xsi="http://www.w3.org/2001/XMLSchema-instance"
             xmlns:qdt="urn:oasis:names:specification:ubl:schema:xsd:QualifiedDataTypes-2"
             xmlns:udt="urn:oasis:names:specification:ubl:schema:xsd:UnqualifiedDataTypes-2"
             xmlns:ccts="urn:un:unece:uncefact:documentation:2"
             xmlns="urn:oasis:names:specification:ubl:schema:xsd:Invoice-2"
             xsi:schemaLocation="urn:oasis:names:specification:ubl:schema:xsd:Invoice-2 http://docs.oasis-open.org/ubl/os-UBL-2.1/xsd/maindoc/UBL-Invoice-2.1.xsd">
   <cbc:CustomizationID>urn:cen.eu:en16931:2017#compliant#urn:xoev-de:kosit:standard:xrechnung_1.2</cbc:CustomizationID>
   <cbc:ID>RE-12345</cbc:ID>
   <cbc:IssueDate>2020-02-21</cbc:IssueDate>
   <cbc:DueDate>2019-12-13</cbc:DueDate>
   <cbc:InvoiceTypeCode>380</cbc:InvoiceTypeCode>
   <cbc:Note>#ADU#Das ist lediglich eine Testrechnung des SCAG eRechnungs-Testgenerators... </cbc:Note>
   <cbc:DocumentCurrencyCode>EUR</cbc:DocumentCurrencyCode>
   <cbc:TaxCurrencyCode>EUR</cbc:TaxCurrencyCode>
   <cbc:BuyerReference>9900 0000 - 1234 56 - 23</cbc:BuyerReference>
   <cac:OrderReference>
      <cbc:ID>0815-99-1</cbc:ID>
   </cac:OrderReference>
   <cac:ContractDocumentReference>
      <cbc:ID/>
   </cac:ContractDocumentReference>
   <cac:ProjectReference>
      <cbc:ID/>
   </cac:ProjectReference>
   <cac:AccountingSupplierParty>
      <cac:Party>
         <cac:PostalAddress>
            <cbc:StreetName>Beispielgasse 17a</cbc:StreetName>
            <cbc:AdditionalStreetName/>
            <cbc:CityName>Klein Schlappstadt a.d. Lusche</cbc:CityName>
            <cbc:PostalZone>12345</cbc:PostalZone>
            <cac:Country>
               <cbc:IdentificationCode>DE</cbc:IdentificationCode>
            </cac:Country>
         </cac:PostalAddress>
         <cac:PartyTaxScheme>
            <cbc:CompanyID>DE12345</cbc:CompanyID>
            <cac:TaxScheme>
               <cbc:ID>VAT</cbc:ID>
            </cac:TaxScheme>
         </cac:PartyTaxScheme>
         <cac:PartyLegalEntity>
            <cbc:RegistrationName>A Gmbhg</cbc:RegistrationName>
         </cac:PartyLegalEntity>
         <cac:Contact>
            <cbc:Name>Harry Hirsch</cbc:Name>
            <cbc:Telephone>012345 78 657 - 8</cbc:Telephone>
            <cbc:ElectronicMail>harry.hirsch@hhhtb.de</cbc:ElectronicMail>
         </cac:Contact>
      </cac:Party>
   </cac:AccountingSupplierParty>
   <cac:AccountingCustomerParty>
      <cac:Party>
         <cac:PostalAddress>
            <cbc:StreetName>Beispielgasse 17b</cbc:StreetName>
            <cbc:AdditionalStreetName/>
            <cbc:CityName>Klein Schlappstadt a.d. Lusche</cbc:CityName>
            <cbc:PostalZone>12345</cbc:PostalZone>
            <cac:Country>
               <cbc:IdentificationCode>DE</cbc:IdentificationCode>
            </cac:Country>
         </cac:PostalAddress>
         <cac:PartyLegalEntity>
            <cbc:RegistrationName>Rechnungs Roulette GmbH &amp; Co KG</cbc:RegistrationName>
         </cac:PartyLegalEntity>
         <cac:Contact>
            <cbc:Name>Manfred Mustermann</cbc:Name>
            <cbc:Telephone>012345 98 765 - 44</cbc:Telephone>
            <cbc:ElectronicMail>manfred.mustermann@rr.de</cbc:ElectronicMail>
         </cac:Contact>
      </cac:Party>
   </cac:AccountingCustomerParty>
   <cac:PaymentMeans>
      <cbc:PaymentMeansCode>30</cbc:PaymentMeansCode>
      <cbc:PaymentID>0815-99-1-a</cbc:PaymentID>
      <cac:PayeeFinancialAccount>
         <cbc:ID>DE12500105170648489890</cbc:ID>
         <cbc:Name>Harry Hirsch</cbc:Name>
         <cac:FinancialInstitutionBranch>
            <cbc:ID>INGDDEFFXXX</cbc:ID>
         </cac:FinancialInstitutionBranch>
      </cac:PayeeFinancialAccount>
   </cac:PaymentMeans>
   <cac:PaymentTerms>
      <cbc:Note/>
   </cac:PaymentTerms>
   <cac:TaxTotal>
      <cbc:TaxAmount currencyID="EUR">250.74</cbc:TaxAmount>
      <cac:TaxSubtotal>
         <cbc:TaxableAmount currencyID="EUR">1245.98</cbc:TaxableAmount>
         <cbc:TaxAmount currencyID="EUR">236.74</cbc:TaxAmount>
         <cac:TaxCategory>
            <cbc:ID>S</cbc:ID>
            <cbc:Percent>19</cbc:Percent>
            <cac:TaxScheme>
               <cbc:ID>VAT</cbc:ID>
            </cac:TaxScheme>
         </cac:TaxCategory>
      </cac:TaxSubtotal>
      <cac:TaxSubtotal>
         <cbc:TaxableAmount currencyID="EUR">200.00</cbc:TaxableAmount>
         <cbc:TaxAmount currencyID="EUR">14.00</cbc:TaxAmount>
         <cac:TaxCategory>
            <cbc:ID>S</cbc:ID>
            <cbc:Percent>7</cbc:Percent>
            <cac:TaxScheme>
               <cbc:ID>VAT</cbc:ID>
            </cac:TaxScheme>
         </cac:TaxCategory>
      </cac:TaxSubtotal>
   </cac:TaxTotal>
   <cac:LegalMonetaryTotal>
      <cbc:LineExtensionAmount currencyID="EUR">1445.98</cbc:LineExtensionAmount>
      <cbc:TaxExclusiveAmount currencyID="EUR">1445.98</cbc:TaxExclusiveAmount>
      <cbc:TaxInclusiveAmount currencyID="EUR">1696.72</cbc:TaxInclusiveAmount>
      <cbc:PayableAmount currencyID="EUR">1696.72</cbc:PayableAmount>
   </cac:LegalMonetaryTotal>
   <cac:InvoiceLine>
      <cbc:ID>0</cbc:ID>
      <cbc:InvoicedQuantity unitCode="C62">1</cbc:InvoicedQuantity>
      <cbc:LineExtensionAmount currencyID="EUR">1245.98</cbc:LineExtensionAmount>
      <cac:Item>
         <cbc:Description>Leimbinder 2x18m; Birke</cbc:Description>
         <cbc:Name>Leimbinder</cbc:Name>
         <cac:SellersItemIdentification>
            <cbc:ID>0815</cbc:ID>
         </cac:SellersItemIdentification>
         <cac:ClassifiedTaxCategory>
            <cbc:ID>S</cbc:ID>
            <cbc:Percent>19</cbc:Percent>
            <cac:TaxScheme>
               <cbc:ID>VAT</cbc:ID>
            </cac:TaxScheme>
         </cac:ClassifiedTaxCategory>
      </cac:Item>
      <cac:Price>
         <cbc:PriceAmount currencyID="EUR">1245.98</cbc:PriceAmount>
      </cac:Price>
   </cac:InvoiceLine>
   <cac:InvoiceLine>
      <cbc:ID>1</cbc:ID>
      <cbc:InvoicedQuantity unitCode="C62">1</cbc:InvoicedQuantity>
      <cbc:LineExtensionAmount currencyID="EUR">200.00</cbc:LineExtensionAmount>
      <cac:Item>
         <cbc:Description>Montage durch Fachpersonal</cbc:Description>
         <cbc:Name>Montage</cbc:Name>
         <cac:SellersItemIdentification>
            <cbc:ID>MON</cbc:ID>
         </cac:SellersItemIdentification>
         <cac:ClassifiedTaxCategory>
            <cbc:ID>S</cbc:ID>
            <cbc:Percent>7</cbc:Percent>
            <cac:TaxScheme>
               <cbc:ID>VAT</cbc:ID>
            </cac:TaxScheme>
         </cac:ClassifiedTaxCategory>
      </cac:Item>
      <cac:Price>
         <cbc:PriceAmount currencyID="EUR">200.00</cbc:PriceAmount>
      </cac:Price>
   </cac:InvoiceLine>
</ubl:Invoice>