<?xml version="1.0" encoding="UTF-8"?>
<ubl:Invoice xmlns:ubl="urn:oasis:names:specification:ubl:schema:xsd:Invoice-2"
    xmlns:cac="urn:oasis:names:specification:ubl:schema:xsd:CommonAggregateComponents-2"
    xmlns:cbc="urn:oasis:names:specification:ubl:schema:xsd:CommonBasicComponents-2"
    xmlns:xsi="http://www.w3.org/2001/XMLSchema-instance"
    xsi:schemaLocation="urn:oasis:names:specification:ubl:schema:xsd:Invoice-2 http://docs.oasis-open.org/ubl/os-UBL-2.1/xsd/maindoc/UBL-Invoice-2.1.xsd">
    <cbc:CustomizationID>urn:cen.eu:en16931:2017#compliant#urn:xoev-de:kosit:standard:xrechnung_1.2</cbc:CustomizationID>
    <cbc:ID>Rechnungsnummer</cbc:ID>
    <cbc:IssueDate>2015-01-09+01:00</cbc:IssueDate>
    <cbc:DueDate>2015-01-24+01:00</cbc:DueDate>
    <cbc:InvoiceTypeCode>380</cbc:InvoiceTypeCode>
    <cbc:Note>#ADU#Bearbeitungszeitraum: Dezember 2014/ 5.01.-09.01.2015 Abschlagsrechnung A 9</cbc:Note>
    <cbc:DocumentCurrencyCode>EUR</cbc:DocumentCurrencyCode>
    <cbc:TaxCurrencyCode>EUR</cbc:TaxCurrencyCode>
    <cbc:BuyerReference>04011000-12354-25</cbc:BuyerReference>
    <cac:OrderReference>
        <cbc:ID>Dummywert</cbc:ID>
        <cbc:SalesOrderID>Auftragsnummer</cbc:SalesOrderID>
    </cac:OrderReference>
    <cac:ProjectReference>
        <cbc:ID>PR12345678</cbc:ID>
    </cac:ProjectReference>
    <cac:AccountingSupplierParty>
        <cac:Party>
            <cac:PostalAddress>
                <cbc:StreetName>[Seller address line 1]</cbc:StreetName>
                <cbc:CityName>[Seller city]</cbc:CityName>
                <cbc:PostalZone>12345</cbc:PostalZone>
                <cac:Country>
                    <cbc:IdentificationCode>DE</cbc:IdentificationCode>
                </cac:Country>
            </cac:PostalAddress>
            <cac:PartyTaxScheme>
                <cbc:CompanyID>DE123/456/789</cbc:CompanyID>
                <cac:TaxScheme>
                    <cbc:ID>VAT</cbc:ID>
                </cac:TaxScheme>
            </cac:PartyTaxScheme>
            <cac:PartyLegalEntity>
                <cbc:RegistrationName>[Seller name]</cbc:RegistrationName>
            </cac:PartyLegalEntity>
            <cac:Contact>
                <cbc:Name>[Seller contact person]</cbc:Name>
                <cbc:Telephone>Telefonnummer</cbc:Telephone>
                <cbc:ElectronicMail>info@seller.de</cbc:ElectronicMail>
            </cac:Contact>
        </cac:Party>
    </cac:AccountingSupplierParty>
    <cac:AccountingCustomerParty>
        <cac:Party>
            <cac:PostalAddress>
                <cbc:StreetName>[Buyer address line 1]</cbc:StreetName>
                <cbc:CityName>[Buyer city]</cbc:CityName>
                <cbc:PostalZone>12345</cbc:PostalZone>
                <cac:Country>
                    <cbc:IdentificationCode>DE</cbc:IdentificationCode>
                </cac:Country>
            </cac:PostalAddress>
            <cac:PartyLegalEntity>
                <cbc:RegistrationName>[Buyer name]</cbc:RegistrationName>
            </cac:PartyLegalEntity>
        </cac:Party>
    </cac:AccountingCustomerParty>
    <cac:PaymentMeans>
        <cbc:PaymentMeansCode>30</cbc:PaymentMeansCode>
        <cac:PayeeFinancialAccount>
            <cbc:ID>DE12345678912345678912</cbc:ID>
        </cac:PayeeFinancialAccount>
    </cac:PaymentMeans>
    <cac:PaymentTerms>
        <cbc:Note>Bitte überweisen Sie bis zum 24.01.2015 auf das unten aufgeführte Konto.</cbc:Note>
    </cac:PaymentTerms>
    <cac:TaxTotal>
        <cbc:TaxAmount currencyID="EUR">1012.7</cbc:TaxAmount>
        <cac:TaxSubtotal>
            <cbc:TaxableAmount currencyID="EUR">5330</cbc:TaxableAmount>
            <cbc:TaxAmount currencyID="EUR">1012.7</cbc:TaxAmount>
            <cac:TaxCategory>
                <cbc:ID>S</cbc:ID>
                <cbc:Percent>19</cbc:Percent>
                <cac:TaxScheme>
                    <cbc:ID>VAT</cbc:ID>
                </cac:TaxScheme>
            </cac:TaxCategory>
        </cac:TaxSubtotal>
    </cac:TaxTotal>
    <cac:LegalMonetaryTotal>
        <cbc:LineExtensionAmount currencyID="EUR">5330</cbc:LineExtensionAmount>
        <cbc:TaxExclusiveAmount currencyID="EUR">5330</cbc:TaxExclusiveAmount>
        <cbc:TaxInclusiveAmount currencyID="EUR">6342.7</cbc:TaxInclusiveAmount>
        <cbc:PayableAmount currencyID="EUR">6342.7</cbc:PayableAmount>
    </cac:LegalMonetaryTotal>
    <cac:InvoiceLine>
        <cbc:ID>7</cbc:ID>
        <cbc:InvoicedQuantity unitCode="XPP">1</cbc:InvoicedQuantity>
        <cbc:LineExtensionAmount currencyID="EUR">400</cbc:LineExtensionAmount>
        <cac:Item>
            <cbc:Name>Aussetzen der Kanten Neorokokosofa laut N2</cbc:Name>
            <cac:ClassifiedTaxCategory>
                <cbc:ID>S</cbc:ID>
                <cbc:Percent>19</cbc:Percent>
                <cac:TaxScheme>
                    <cbc:ID>VAT</cbc:ID>
                </cac:TaxScheme>
            </cac:ClassifiedTaxCategory>
        </cac:Item>
        <cac:Price>
            <cbc:PriceAmount currencyID="EUR">400</cbc:PriceAmount>
        </cac:Price>
    </cac:InvoiceLine>
    <cac:InvoiceLine>
        <cbc:ID>8</cbc:ID>
        <cbc:InvoicedQuantity unitCode="XPP">1</cbc:InvoicedQuantity>
        <cbc:LineExtensionAmount currencyID="EUR">240</cbc:LineExtensionAmount>
        <cac:Item>
            <cbc:Name>Aussetzen der Kanten am Sofa um 1780 laut N2</cbc:Name>
            <cac:ClassifiedTaxCategory>
                <cbc:ID>S</cbc:ID>
                <cbc:Percent>19</cbc:Percent>
                <cac:TaxScheme>
                    <cbc:ID>VAT</cbc:ID>
                </cac:TaxScheme>
            </cac:ClassifiedTaxCategory>
        </cac:Item>
        <cac:Price>
            <cbc:PriceAmount currencyID="EUR">240</cbc:PriceAmount>
        </cac:Price>
    </cac:InvoiceLine>
    <cac:InvoiceLine>
        <cbc:ID>9</cbc:ID>
        <cbc:InvoicedQuantity unitCode="XPP">1</cbc:InvoicedQuantity>
        <cbc:LineExtensionAmount currencyID="EUR">120</cbc:LineExtensionAmount>
        <cac:Item>
            <cbc:Name>Analyse Pigment</cbc:Name>
            <cac:ClassifiedTaxCategory>
                <cbc:ID>S</cbc:ID>
                <cbc:Percent>19</cbc:Percent>
                <cac:TaxScheme>
                    <cbc:ID>VAT</cbc:ID>
                </cac:TaxScheme>
            </cac:ClassifiedTaxCategory>
        </cac:Item>
        <cac:Price>
            <cbc:PriceAmount currencyID="EUR">120</cbc:PriceAmount>
        </cac:Price>
    </cac:InvoiceLine>
    <cac:InvoiceLine>
        <cbc:ID>10</cbc:ID>
        <cbc:InvoicedQuantity unitCode="XPP">1</cbc:InvoicedQuantity>
        <cbc:LineExtensionAmount currencyID="EUR">70</cbc:LineExtensionAmount>
        <cac:Item>
            <cbc:Name>Querschliff</cbc:Name>
            <cac:ClassifiedTaxCategory>
                <cbc:ID>S</cbc:ID>
                <cbc:Percent>19</cbc:Percent>
                <cac:TaxScheme>
                    <cbc:ID>VAT</cbc:ID>
                </cac:TaxScheme>
            </cac:ClassifiedTaxCategory>
        </cac:Item>
        <cac:Price>
            <cbc:PriceAmount currencyID="EUR">70</cbc:PriceAmount>
        </cac:Price>
    </cac:InvoiceLine>
    <cac:InvoiceLine>
        <cbc:ID>5.2</cbc:ID>
        <cbc:InvoicedQuantity unitCode="XPP">1</cbc:InvoicedQuantity>
        <cbc:LineExtensionAmount currencyID="EUR">140</cbc:LineExtensionAmount>
        <cac:Item>
            <cbc:Name>Furnierniederlegung 50 %</cbc:Name>
            <cac:ClassifiedTaxCategory>
                <cbc:ID>S</cbc:ID>
                <cbc:Percent>19</cbc:Percent>
                <cac:TaxScheme>
                    <cbc:ID>VAT</cbc:ID>
                </cac:TaxScheme>
            </cac:ClassifiedTaxCategory>
        </cac:Item>
        <cac:Price>
            <cbc:PriceAmount currencyID="EUR">140</cbc:PriceAmount>
        </cac:Price>
    </cac:InvoiceLine>
    <cac:InvoiceLine>
        <cbc:ID>2</cbc:ID>
        <cbc:InvoicedQuantity unitCode="XPP">1</cbc:InvoicedQuantity>
        <cbc:LineExtensionAmount currencyID="EUR">400</cbc:LineExtensionAmount>
        <cac:Item>
            <cbc:Name>Transport 25 %</cbc:Name>
            <cac:ClassifiedTaxCategory>
                <cbc:ID>S</cbc:ID>
                <cbc:Percent>19</cbc:Percent>
                <cac:TaxScheme>
                    <cbc:ID>VAT</cbc:ID>
                </cac:TaxScheme>
            </cac:ClassifiedTaxCategory>
        </cac:Item>
        <cac:Price>
            <cbc:PriceAmount currencyID="EUR">400</cbc:PriceAmount>
        </cac:Price>
    </cac:InvoiceLine>
    <cac:InvoiceLine>
        <cbc:ID>7.1</cbc:ID>
        <cbc:InvoicedQuantity unitCode="XPP">1</cbc:InvoicedQuantity>
        <cbc:LineExtensionAmount currencyID="EUR">280</cbc:LineExtensionAmount>
        <cac:Item>
            <cbc:Name>Sofa um 1780 Reinigung der Oberfläche</cbc:Name>
            <cac:ClassifiedTaxCategory>
                <cbc:ID>S</cbc:ID>
                <cbc:Percent>19</cbc:Percent>
                <cac:TaxScheme>
                    <cbc:ID>VAT</cbc:ID>
                </cac:TaxScheme>
            </cac:ClassifiedTaxCategory>
        </cac:Item>
        <cac:Price>
            <cbc:PriceAmount currencyID="EUR">280</cbc:PriceAmount>
        </cac:Price>
    </cac:InvoiceLine>
    <cac:InvoiceLine>
        <cbc:ID>7.2</cbc:ID>
        <cbc:InvoicedQuantity unitCode="XPP">1</cbc:InvoicedQuantity>
        <cbc:LineExtensionAmount currencyID="EUR">480</cbc:LineExtensionAmount>
        <cac:Item>
            <cbc:Name>Konstruktive Ertüchtigung, Ergänzung eines Beines</cbc:Name>
            <cac:ClassifiedTaxCategory>
                <cbc:ID>S</cbc:ID>
                <cbc:Percent>19</cbc:Percent>
                <cac:TaxScheme>
                    <cbc:ID>VAT</cbc:ID>
                </cac:TaxScheme>
            </cac:ClassifiedTaxCategory>
        </cac:Item>
        <cac:Price>
            <cbc:PriceAmount currencyID="EUR">480</cbc:PriceAmount>
        </cac:Price>
    </cac:InvoiceLine>
    <cac:InvoiceLine>
        <cbc:ID>7.3</cbc:ID>
        <cbc:InvoicedQuantity unitCode="XPP">1</cbc:InvoicedQuantity>
        <cbc:LineExtensionAmount currencyID="EUR">1600</cbc:LineExtensionAmount>
        <cac:Item>
            <cbc:Name>Abnahme der rotbraunen Fassung 50 %</cbc:Name>
            <cac:ClassifiedTaxCategory>
                <cbc:ID>S</cbc:ID>
                <cbc:Percent>19</cbc:Percent>
                <cac:TaxScheme>
                    <cbc:ID>VAT</cbc:ID>
                </cac:TaxScheme>
            </cac:ClassifiedTaxCategory>
        </cac:Item>
        <cac:Price>
            <cbc:PriceAmount currencyID="EUR">1600</cbc:PriceAmount>
        </cac:Price>
    </cac:InvoiceLine>
    <cac:InvoiceLine>
        <cbc:ID>9.1</cbc:ID>
        <cbc:InvoicedQuantity unitCode="XPP">1</cbc:InvoicedQuantity>
        <cbc:LineExtensionAmount currencyID="EUR">400</cbc:LineExtensionAmount>
        <cac:Item>
            <cbc:Name>Neorokokosofo konstruktive Ertüchtigung</cbc:Name>
            <cac:ClassifiedTaxCategory>
                <cbc:ID>S</cbc:ID>
                <cbc:Percent>19</cbc:Percent>
                <cac:TaxScheme>
                    <cbc:ID>VAT</cbc:ID>
                </cac:TaxScheme>
            </cac:ClassifiedTaxCategory>
        </cac:Item>
        <cac:Price>
            <cbc:PriceAmount currencyID="EUR">400</cbc:PriceAmount>
        </cac:Price>
    </cac:InvoiceLine>
    <cac:InvoiceLine>
        <cbc:ID>9.2</cbc:ID>
        <cbc:InvoicedQuantity unitCode="XPP">1</cbc:InvoicedQuantity>
        <cbc:LineExtensionAmount currencyID="EUR">1200</cbc:LineExtensionAmount>
        <cac:Item>
            <cbc:Name>Reinigung, Fassungssicherung 50 %</cbc:Name>
            <cac:ClassifiedTaxCategory>
                <cbc:ID>S</cbc:ID>
                <cbc:Percent>19</cbc:Percent>
                <cac:TaxScheme>
                    <cbc:ID>VAT</cbc:ID>
                </cac:TaxScheme>
            </cac:ClassifiedTaxCategory>
        </cac:Item>
        <cac:Price>
            <cbc:PriceAmount currencyID="EUR">1200</cbc:PriceAmount>
        </cac:Price>
    </cac:InvoiceLine>
</ubl:Invoice>
